,Date,State/UT,Latitude,Longitude,Confirmed,Active,Deaths,Mortality rate,Cured,Recovery rate
0,30-01-2020,Kerala,10.8505,76.2711,1,1,0,0,0,0
1,31-01-2020,Kerala,10.8505,76.2711,1,1,,0,0,0
2,01-02-2020,Kerala,10.8505,76.2711,2,2,0,0,0,0
3,02-02-2020,Kerala,10.8505,76.2711,3,3,0,0,0,0
4,03-02-2020,Kerala,10.8505,76.2711,3,3,0,0,0,0
5,04-02-2020,Kerala,10.8505,76.2711,3,3,0,0,0,0
6,05-02-2020,Kerala,10.8505,76.2711,3,3,,0,0,0
7,06-02-2020,Kerala,10.8505,76.2711,3,3,0,0,0,0
8,07-02-2020,Kerala,10.8505,76.2711,3,3,0,0,0,0
9,08-02-2020,Kerala,10.8505,76.2711,3,3,0,0,0,0
10,09-02-2020,Kerala,10.8505,76.2711,3,3,0,0,0,0
11,10-02-2020,Kerala,10.8505,76.2711,3,3,,0,0,0
12,11-02-2020,Kerala,10.8505,76.2711,3,3,,0,0,0
13,12-02-2020,Kerala,10.8505,76.2711,3,3,,,,
14,13-02-2020,Kerala,10.8505,76.2711,3,3,,0,0,0
15,14-02-2020,Kerala,10.8505,76.2711,3,3,,0,0,0
16,15-02-2020,Kerala,10.8505,,3,3,0,0,0,0
17,16-02-2020,Kerala,10.8505,76.2711,3,3,,0,0,0
18,17-02-2020,Kerala,10.8505,76.2711,3,3,,0,0,0
19,18-02-2020,Kerala,10.8505,76.2711,3,3,,0,0,0
20,19-02-2020,Kerala,10.8505,76.2711,3,3,0,0,0,0
21,20-02-2020,Kerala,10.8505,76.2711,3,3,,0,0,0
22,21-02-2020,Kerala,10.8505,76.2711,3,3,,0,0,0
23,22-02-2020,Kerala,10.8505,76.2711,3,3,,0,0,0
24,23-02-2020,Kerala,10.8505,76.2711,3,3,,0,0,0
25,24-02-2020,Kerala,10.8505,76.2711,3,3,0,0,0,0
26,25-02-2020,Kerala,10.8505,76.2711,3,3,0,0,0,0
27,26-02-2020,Kerala,10.8505,76.2711,3,3,0,0,0,0
28,27-02-2020,Kerala,10.8505,76.2711,3,3,0,0,0,0
29,28-02-2020,Kerala,10.8505,76.2711,3,3,0,0,0,0
30,29-02-2020,Kerala,10.8505,76.2711,3,3,0,0,0,0
31,01-03-2020,Kerala,10.8505,76.2711,3,3,0,0,0,0
32,02-03-2020,Delhi,28.7041,77.1025,1,1,0,0,0,0
33,02-03-2020,Kerala,10.8505,76.2711,3,3,0,0,0,0
34,02-03-2020,Telengana,18.1124,79.0193,1,1,0,0,0,0
35,03-03-2020,Delhi,28.7041,77.1025,1,1,0,0,0,0
36,03-03-2020,Kerala,10.8505,76.2711,3,0,0,0,3,1
37,03-03-2020,Rajasthan,27.0238,74.2179,0,0,0,,0,
38,03-03-2020,Telengana,18.1124,79.0193,1,1,0,0,0,0
39,04-03-2020,Delhi,28.7041,77.1025,1,1,0,0,0,0
40,04-03-2020,Haryana,29.0588,76.0856,14,14,0,0,0,0
41,04-03-2020,Kerala,10.8505,76.2711,3,0,0,0,3,1
42,04-03-2020,Rajasthan,27.0238,74.2179,1,1,0,0,0,0
43,04-03-2020,Telengana,18.1124,79.0193,1,1,0,0,0,0
44,04-03-2020,Uttar Pradesh,26.8467,80.9462,6,6,0,0,0,0
45,05-03-2020,Delhi,28.7041,77.1025,2,2,0,0,0,0
46,05-03-2020,Haryana,29.0588,76.0856,14,14,0,0,0,0
47,05-03-2020,Kerala,10.8505,76.2711,3,0,0,0,3,1
48,05-03-2020,Rajasthan,27.0238,74.2179,1,1,0,0,0,0
49,05-03-2020,Telengana,18.1124,79.0193,1,1,0,0,0,0
50,05-03-2020,Uttar Pradesh,26.8467,80.9462,7,7,0,0,0,0
51,06-03-2020,Delhi,28.7041,77.1025,3,3,0,0,0,0
52,06-03-2020,Haryana,29.0588,76.0856,14,14,0,0,0,0
53,06-03-2020,Kerala,10.8505,76.2711,3,0,0,0,3,1
54,06-03-2020,Rajasthan,27.0238,74.2179,1,1,0,0,0,0
55,06-03-2020,Telengana,18.1124,79.0193,1,1,0,0,0,0
56,06-03-2020,Uttar Pradesh,26.8467,80.9462,7,7,0,0,0,0
57,07-03-2020,Delhi,28.7041,77.1025,3,3,0,0,0,0
58,07-03-2020,Haryana,29.0588,76.0856,14,14,0,0,0,0
59,07-03-2020,Kerala,10.8505,76.2711,3,0,0,0,3,1
60,07-03-2020,Rajasthan,27.0238,74.2179,1,1,0,0,0,0
61,07-03-2020,Tamil Nadu,11.1271,78.6569,1,1,0,0,0,0
62,07-03-2020,Telengana,18.1124,79.0193,1,1,0,0,0,0
63,07-03-2020,Ladakh,34.2996,78.2932,2,2,0,0,0,0
64,07-03-2020,Uttar Pradesh,26.8467,80.9462,7,7,0,0,0,0
65,08-03-2020,Delhi,28.7041,77.1025,3,3,0,0,0,0
66,08-03-2020,Haryana,29.0588,76.0856,14,14,0,0,0,0
67,08-03-2020,Kerala,10.8505,76.2711,8,5,0,0,3,0.375
68,08-03-2020,Rajasthan,27.0238,74.2179,1,1,0,0,0,0
69,08-03-2020,Tamil Nadu,11.1271,78.6569,1,1,0,0,0,0
70,08-03-2020,Telengana,18.1124,79.0193,1,1,0,0,0,0
71,08-03-2020,Ladakh,34.2996,78.2932,2,2,0,0,0,0
72,08-03-2020,Uttar Pradesh,26.8467,80.9462,7,7,0,0,0,0
73,09-03-2020,Delhi,28.7041,77.1025,4,4,0,0,0,0
74,09-03-2020,Haryana,29.0588,76.0856,14,14,0,0,0,0
75,09-03-2020,Karnataka,15.3173,75.7139,1,1,0,0,0,0
76,09-03-2020,Kerala,10.8505,76.2711,9,6,0,0,3,0.333333333
77,09-03-2020,Maharashtra,19.7515,75.7139,2,2,0,0,0,0
78,09-03-2020,Punjab,31.1471,75.3412,1,1,0,0,0,0
79,09-03-2020,Rajasthan,27.0238,74.2179,1,1,0,0,0,0
80,09-03-2020,Tamil Nadu,11.1271,78.6569,1,1,0,0,0,0
81,09-03-2020,Telengana,18.1124,79.0193,1,1,0,0,0,0
82,09-03-2020,Jammu and Kashmir,33.7782,76.5762,1,1,0,0,0,0
83,09-03-2020,Ladakh,34.2996,78.2932,2,2,0,0,0,0
84,09-03-2020,Uttar Pradesh,26.8467,80.9462,7,7,0,0,0,0
85,10-03-2020,Delhi,28.7041,77.1025,4,4,0,0,0,0
86,10-03-2020,Haryana,29.0588,76.0856,14,14,0,0,0,0
87,10-03-2020,Karnataka,15.3173,75.7139,4,4,0,0,0,0
88,10-03-2020,Kerala,10.8505,76.2711,15,12,0,0,3,0.2
89,10-03-2020,Maharashtra,19.7515,75.7139,5,5,0,0,0,0
90,10-03-2020,Punjab,31.1471,75.3412,1,1,0,0,0,0
91,10-03-2020,Rajasthan,27.0238,74.2179,1,1,0,0,0,0
92,10-03-2020,Tamil Nadu,11.1271,78.6569,1,1,0,0,0,0
93,10-03-2020,Telengana,18.1124,79.0193,1,1,0,0,0,0
94,10-03-2020,Jammu and Kashmir,33.7782,76.5762,1,1,0,0,0,0
95,10-03-2020,Ladakh,34.2996,78.2932,2,2,0,0,0,0
96,10-03-2020,Uttar Pradesh,26.8467,80.9462,7,7,0,0,0,0
97,11-03-2020,Delhi,28.7041,77.1025,5,5,0,0,0,0
98,11-03-2020,Haryana,29.0588,76.0856,14,14,0,0,0,0
99,11-03-2020,Karnataka,15.3173,75.7139,4,4,0,0,0,0
100,11-03-2020,Kerala,10.8505,76.2711,17,14,0,0,3,0.176470588
101,11-03-2020,Maharashtra,19.7515,75.7139,10,10,0,0,0,0
102,11-03-2020,Punjab,31.1471,75.3412,1,1,0,0,0,0
103,11-03-2020,Rajasthan,27.0238,74.2179,3,3,0,0,0,0
104,11-03-2020,Tamil Nadu,11.1271,78.6569,1,1,0,0,0,0
105,11-03-2020,Telengana,18.1124,79.0193,1,1,0,0,0,0
106,11-03-2020,Jammu and Kashmir,33.7782,76.5762,1,1,0,0,0,0
107,11-03-2020,Ladakh,34.2996,78.2932,2,2,0,0,0,0
108,11-03-2020,Uttar Pradesh,26.8467,80.9462,9,9,0,0,0,0
109,12-03-2020,Andhra Pradesh,15.9129,79.74,1,1,0,0,0,0
110,12-03-2020,Delhi,28.7041,77.1025,6,6,0,0,0,0
111,12-03-2020,Haryana,29.0588,76.0856,14,14,0,0,0,0
112,12-03-2020,Karnataka,15.3173,75.7139,4,3,1,0.25,0,0
113,12-03-2020,Kerala,10.8505,76.2711,17,14,0,0,3,0.176470588
114,12-03-2020,Maharashtra,19.7515,75.7139,11,11,,0,0,0
115,12-03-2020,Punjab,31.1471,75.3412,1,1,,0,0,0
116,12-03-2020,Rajasthan,27.0238,74.2179,3,3,,0,0,0
117,12-03-2020,Tamil Nadu,11.1271,78.6569,1,1,0,0,0,0
118,12-03-2020,Telengana,18.1124,79.0193,1,1,,0,0,0
119,12-03-2020,Jammu and Kashmir,33.7782,76.5762,1,1,,0,0,0
120,12-03-2020,Ladakh,34.2996,78.2932,3,3,,0,0,0
121,12-03-2020,Uttar Pradesh,26.8467,80.9462,11,11,,0,0,0
122,13-03-2020,Andhra Pradesh,15.9129,79.74,1,1,,0,0,0
123,13-03-2020,Delhi,28.7041,77.1025,6,6,0,0,0,0
124,13-03-2020,Haryana,29.0588,76.0856,14,14,,0,0,0
125,13-03-2020,Karnataka,15.3173,75.7139,5,4,1,0.2,0,0
126,13-03-2020,Kerala,10.8505,76.2711,17,14,0,0,3,0.176470588
127,13-03-2020,Maharashtra,19.7515,75.7139,11,11,,0,0,0
128,13-03-2020,Punjab,31.1471,75.3412,1,1,0,0,0,0
129,13-03-2020,Rajasthan,27.0238,74.2179,3,3,0,0,0,0
130,13-03-2020,Tamil Nadu,11.1271,78.6569,1,1,0,0,0,0
131,13-03-2020,Telengana,18.1124,79.0193,1,1,0,0,0,0
132,13-03-2020,Jammu and Kashmir,33.7782,76.5762,1,1,0,0,0,0
133,13-03-2020,Ladakh,34.2996,78.2932,3,3,0,0,0,0
134,13-03-2020,Uttar Pradesh,26.8467,80.9462,11,11,0,0,0,0
135,14-03-2020,Andhra Pradesh,15.9129,79.74,1,1,0,0,0,0
136,14-03-2020,Delhi,28.7041,77.1025,7,5,1,0.142857143,1,0.142857143
137,14-03-2020,Haryana,29.0588,76.0856,14,14,0,0,0,0
138,14-03-2020,Karnataka,15.3173,75.7139,6,5,1,0.166666667,0,0
139,14-03-2020,Kerala,10.8505,76.2711,19,16,0,0,3,0.157894737
140,14-03-2020,Maharashtra,19.7515,75.7139,14,14,0,0,0,0
141,14-03-2020,Punjab,31.1471,75.3412,1,1,0,0,0,0
142,14-03-2020,Rajasthan,27.0238,74.2179,3,2,0,0,1,0.333333333
143,14-03-2020,Tamil Nadu,11.1271,78.6569,1,1,0,0,0,0
144,14-03-2020,Telengana,18.1124,79.0193,1,1,0,0,0,0
145,14-03-2020,Jammu and Kashmir,33.7782,76.5762,2,2,0,0,0,0
146,14-03-2020,Ladakh,34.2996,78.2932,3,3,0,0,0,0
147,14-03-2020,Uttar Pradesh,26.8467,80.9462,12,7,0,0,5,0.416666667
148,15-03-2020,Andhra Pradesh,15.9129,79.74,1,1,0,0,0,0
149,15-03-2020,Delhi,28.7041,77.1025,7,4,1,0.142857143,2,0.285714286
150,15-03-2020,Haryana,29.0588,76.0856,14,14,0,0,0,0
151,15-03-2020,Karnataka,15.3173,75.7139,6,5,1,0.166666667,0,0
152,15-03-2020,Kerala,10.8505,76.2711,23,20,0,0,3,0.130434783
153,15-03-2020,Maharashtra,19.7515,75.7139,32,32,0,0,0,0
154,15-03-2020,Punjab,31.1471,75.3412,1,1,0,0,0,0
155,15-03-2020,Rajasthan,27.0238,74.2179,4,1,0,0,3,0.75
156,15-03-2020,Tamil Nadu,11.1271,78.6569,1,1,0,0,0,0
157,15-03-2020,Telengana,18.1124,79.0193,3,2,0,0,1,0.333333333
158,15-03-2020,Jammu and Kashmir,33.7782,76.5762,2,2,0,0,0,0
159,15-03-2020,Ladakh,34.2996,78.2932,3,3,0,0,0,0
160,15-03-2020,Uttar Pradesh,26.8467,80.9462,13,9,0,0,4,0.307692308
161,15-03-2020,Uttarakhand,30.0668,79.0193,1,1,0,0,0,0
162,16-03-2020,Andhra Pradesh,15.9129,79.74,1,1,0,0,0,0
163,16-03-2020,Delhi,28.7041,77.1025,7,4,1,0.142857143,2,0.285714286
164,16-03-2020,Haryana,29.0588,76.0856,14,14,0,0,0,0
165,16-03-2020,Karnataka,15.3173,75.7139,6,5,1,0.166666667,0,0
166,16-03-2020,Kerala,10.8505,76.2711,23,20,0,0,3,0.130434783
167,16-03-2020,Maharashtra,19.7515,75.7139,32,32,0,0,0,0
168,16-03-2020,Odisha,20.9517,85.0985,1,1,0,0,0,0
169,16-03-2020,Punjab,31.1471,75.3412,1,1,0,0,0,0
170,16-03-2020,Rajasthan,27.0238,74.2179,4,1,0,0,3,0.75
171,16-03-2020,Tamil Nadu,11.1271,78.6569,1,1,0,0,0,0
172,16-03-2020,Telengana,18.1124,79.0193,3,2,0,0,1,0.333333333
173,16-03-2020,Jammu and Kashmir,33.7782,76.5762,3,3,0,0,0,0
174,16-03-2020,Ladakh,34.2996,78.2932,4,4,0,0,0,0
175,16-03-2020,Uttar Pradesh,26.8467,80.9462,13,9,0,0,4,0.307692308
176,16-03-2020,Uttarakhand,30.0668,79.0193,1,1,0,0,0,0
177,17-03-2020,Andhra Pradesh,15.9129,79.74,1,1,0,0,0,0
178,17-03-2020,Delhi,28.7041,77.1025,8,5,1,0.125,2,0.25
179,17-03-2020,Haryana,29.0588,76.0856,15,15,0,0,0,0
180,17-03-2020,Karnataka,15.3173,75.7139,11,10,1,0.090909091,0,0
181,17-03-2020,Kerala,10.8505,76.2711,26,23,0,0,3,0.115384615
182,17-03-2020,Maharashtra,19.7515,75.7139,39,38,1,0.025641026,0,0
183,17-03-2020,Odisha,20.9517,85.0985,1,1,0,0,0,0
184,17-03-2020,Punjab,31.1471,75.3412,1,1,0,0,0,0
185,17-03-2020,Rajasthan,27.0238,74.2179,4,1,0,0,3,0.75
186,17-03-2020,Tamil Nadu,11.1271,78.6569,1,1,0,0,0,0
187,17-03-2020,Telengana,18.1124,79.0193,5,4,0,0,1,0.2
188,17-03-2020,Jammu and Kashmir,33.7782,76.5762,3,3,0,0,0,0
189,17-03-2020,Ladakh,34.2996,78.2932,6,6,0,0,0,0
190,17-03-2020,Uttar Pradesh,26.8467,80.9462,15,10,0,0,5,0.333333333
191,17-03-2020,Uttarakhand,30.0668,79.0193,1,1,0,0,0,0
192,18-03-2020,Andhra Pradesh,15.9129,79.74,1,1,0,0,0,0
193,18-03-2020,Delhi,28.7041,77.1025,10,7,1,0.1,2,0.2
194,18-03-2020,Haryana,29.0588,76.0856,17,17,0,0,0,0
195,18-03-2020,Karnataka,15.3173,75.7139,11,10,1,0.090909091,0,0
196,18-03-2020,Kerala,10.8505,76.2711,27,24,0,0,3,0.111111111
197,18-03-2020,Maharashtra,19.7515,75.7139,42,41,1,0.023809524,0,0
198,18-03-2020,Odisha,20.9517,85.0985,1,1,0,0,0,0
199,18-03-2020,Puducherry,11.9416,79.8083,1,1,0,0,0,0
200,18-03-2020,Punjab,31.1471,75.3412,1,1,0,0,0,0
201,18-03-2020,Rajasthan,27.0238,74.2179,4,1,0,0,3,0.75
202,18-03-2020,Tamil Nadu,11.1271,78.6569,1,1,0,0,0,0
203,18-03-2020,Telengana,18.1124,79.0193,6,5,0,0,1,0.166666667
204,18-03-2020,Jammu and Kashmir,33.7782,76.5762,3,3,0,0,0,0
205,18-03-2020,Ladakh,34.2996,78.2932,8,8,0,0,0,0
206,18-03-2020,Uttar Pradesh,26.8467,80.9462,16,11,0,0,5,0.3125
207,18-03-2020,Uttarakhand,30.0668,79.0193,1,1,0,0,0,0
208,18-03-2020,West Bengal,22.9868,87.855,1,1,0,0,0,0
209,19-03-2020,Andhra Pradesh,15.9129,79.74,2,2,0,0,0,0
210,19-03-2020,Chhattisgarh,21.2787,81.8661,1,1,0,0,0,0
211,19-03-2020,Delhi,28.7041,77.1025,12,8,1,0.083333333,3,0.25
212,19-03-2020,Haryana,29.0588,76.0856,17,17,0,0,0,0
213,19-03-2020,Karnataka,15.3173,75.7139,14,13,1,0.071428571,0,0
214,19-03-2020,Kerala,10.8505,76.2711,27,24,0,0,3,0.111111111
215,19-03-2020,Maharashtra,19.7515,75.7139,47,46,1,0.021276596,0,0
216,19-03-2020,Odisha,20.9517,85.0985,1,1,0,0,0,0
217,19-03-2020,Puducherry,11.9416,79.8083,1,1,0,0,0,0
218,19-03-2020,Punjab,31.1471,75.3412,2,1,1,0.5,0,0
219,19-03-2020,Rajasthan,27.0238,74.2179,7,4,0,0,3,0.428571429
220,19-03-2020,Tamil Nadu,11.1271,78.6569,2,1,0,0,1,0.5
221,19-03-2020,Telengana,18.1124,79.0193,6,5,0,0,1,0.166666667
222,19-03-2020,Chandigarh,30.7333,76.7794,1,1,0,0,0,0
223,19-03-2020,Jammu and Kashmir,33.7782,76.5762,4,4,0,0,0,0
224,19-03-2020,Ladakh,34.2996,78.2932,8,8,0,0,0,0
225,19-03-2020,Uttar Pradesh,26.8467,80.9462,19,10,0,0,9,0.473684211
226,19-03-2020,Uttarakhand,30.0668,79.0193,1,1,0,0,0,0
227,19-03-2020,West Bengal,22.9868,87.855,1,1,0,0,0,0
228,20-03-2020,Andhra Pradesh,15.9129,79.74,2,2,0,0,0,0
229,20-03-2020,Chhattisgarh,21.2787,81.8661,1,1,0,0,0,0
230,20-03-2020,Delhi,28.7041,77.1025,17,13,1,0.058823529,3,0.176470588
231,20-03-2020,Gujarat,22.2587,71.1924,2,2,0,0,0,0
232,20-03-2020,Haryana,29.0588,76.0856,17,17,0,0,0,0
233,20-03-2020,Karnataka,15.3173,75.7139,15,14,1,0.066666667,0,0
234,20-03-2020,Kerala,10.8505,76.2711,28,25,0,0,3,0.107142857
235,20-03-2020,Maharashtra,19.7515,75.7139,47,46,1,0.021276596,0,0
236,20-03-2020,Odisha,20.9517,85.0985,1,1,0,0,0,0
237,20-03-2020,Puducherry,11.9416,79.8083,1,1,0,0,0,0
238,20-03-2020,Punjab,31.1471,75.3412,2,1,1,0.5,0,0
239,20-03-2020,Rajasthan,27.0238,74.2179,7,4,0,0,3,0.428571429
240,20-03-2020,Tamil Nadu,11.1271,78.6569,3,2,0,0,1,0.333333333
241,20-03-2020,Telengana,18.1124,79.0193,16,15,0,0,1,0.0625
242,20-03-2020,Chandigarh,30.7333,76.7794,1,1,0,0,0,0
243,20-03-2020,Jammu and Kashmir,33.7782,76.5762,4,4,0,0,0,0
244,20-03-2020,Ladakh,34.2996,78.2932,10,10,0,0,0,0
245,20-03-2020,Uttar Pradesh,26.8467,80.9462,19,10,0,0,9,0.473684211
246,20-03-2020,Uttarakhand,30.0668,79.0193,1,1,0,0,0,0
247,20-03-2020,West Bengal,22.9868,87.855,1,1,0,0,0,0
248,21-03-2020,Andhra Pradesh,15.9129,79.74,3,3,0,0,0,0
249,21-03-2020,Chandigarh,30.7333,76.7794,1,1,0,0,0,0
250,21-03-2020,Chhattisgarh,21.2787,81.8661,1,1,0,0,0,0
251,21-03-2020,Delhi,28.7041,77.1025,26,20,1,0.038461538,5,0.192307692
252,21-03-2020,Gujarat,22.2587,71.1924,7,7,0,0,0,0
253,21-03-2020,Haryana,29.0588,76.0856,17,17,0,0,0,0
254,21-03-2020,Himachal Pradesh,31.1048,77.1734,2,2,0,0,0,0
255,21-03-2020,Jammu and Kashmir,33.7782,76.5762,4,4,0,0,0,0
256,21-03-2020,Karnataka,15.3173,75.7139,15,13,1,0.066666667,1,0.066666667
257,21-03-2020,Kerala,10.8505,76.2711,40,37,0,0,3,0.075
258,21-03-2020,Ladakh,34.2996,78.2932,13,13,0,0,0,0
259,21-03-2020,Madhya Pradesh,22.9734,78.6569,4,4,0,0,0,0
260,21-03-2020,Maharashtra,19.7515,75.7139,63,62,1,0.015873016,0,0
261,21-03-2020,Odisha,20.9517,85.0985,2,2,0,0,0,0
262,21-03-2020,Puducherry,11.9416,79.8083,1,1,0,0,0,0
263,21-03-2020,Punjab,31.1471,75.3412,13,12,1,0.076923077,0,0
264,21-03-2020,Rajasthan,27.0238,74.2179,17,14,0,0,3,0.176470588
265,21-03-2020,Tamil Nadu,11.1271,78.6569,3,2,0,0,1,0.333333333
266,21-03-2020,Telengana,18.1124,79.0193,21,20,0,0,1,0.047619048
267,21-03-2020,Uttar Pradesh,26.8467,80.9462,24,15,0,0,9,0.375
268,21-03-2020,Uttarakhand,30.0668,79.0193,3,3,0,0,0,0
269,21-03-2020,West Bengal,22.9868,87.855,3,3,0,0,0,0
270,22-03-2020,Andhra Pradesh,15.9129,79.74,5,5,0,0,0,0
271,22-03-2020,Bihar,25.0961,85.3131,2,1,1,0.5,0,0
272,22-03-2020,Chandigarh,30.7333,76.7794,5,5,0,0,0,0
273,22-03-2020,Chhattisgarh,21.2787,81.8661,1,1,0,0,0,0
274,22-03-2020,Delhi,28.7041,77.1025,29,23,1,0.034482759,5,0.172413793
275,22-03-2020,Gujarat,22.2587,71.1924,18,17,1,0.055555556,0,0
276,22-03-2020,Haryana,29.0588,76.0856,21,21,0,0,0,0
277,22-03-2020,Himachal Pradesh,31.1048,77.1734,2,2,0,0,0,0
278,22-03-2020,Jammu and Kashmir,33.7782,76.5762,4,4,0,0,0,0
279,22-03-2020,Karnataka,15.3173,75.7139,26,23,1,0.038461538,2,0.076923077
280,22-03-2020,Kerala,10.8505,76.2711,52,49,0,0,3,0.057692308
281,22-03-2020,Ladakh,34.2996,78.2932,13,13,0,0,0,0
282,22-03-2020,Madhya Pradesh,22.9734,78.6569,4,4,0,0,0,0
283,22-03-2020,Maharashtra,19.7515,75.7139,67,65,2,0.029850746,0,0
284,22-03-2020,Odisha,20.9517,85.0985,2,2,0,0,0,0
285,22-03-2020,Puducherry,11.9416,79.8083,1,1,0,0,0,0
286,22-03-2020,Punjab,31.1471,75.3412,21,20,1,0.047619048,0,0
287,22-03-2020,Rajasthan,27.0238,74.2179,24,21,0,0,3,0.125
288,22-03-2020,Tamil Nadu,11.1271,78.6569,7,6,0,0,1,0.142857143
289,22-03-2020,Telengana,18.1124,79.0193,22,21,0,0,1,0.045454545
290,22-03-2020,Uttar Pradesh,26.8467,80.9462,27,18,0,0,9,0.333333333
291,22-03-2020,Uttarakhand,30.0668,79.0193,3,3,0,0,0,0
292,22-03-2020,West Bengal,22.9868,87.855,4,4,0,0,0,0
293,23-03-2020,Andhra Pradesh,15.9129,79.74,7,7,0,0,0,0
294,23-03-2020,Bihar,25.0961,85.3131,2,1,1,0.5,0,0
295,23-03-2020,Chandigarh,30.7333,76.7794,6,6,0,0,0,0
296,23-03-2020,Chhattisgarh,21.2787,81.8661,1,1,0,0,0,0
297,23-03-2020,Delhi,28.7041,77.1025,29,23,1,0.034482759,5,0.172413793
298,23-03-2020,Gujarat,22.2587,71.1924,29,28,1,0.034482759,0,0
299,23-03-2020,Haryana,29.0588,76.0856,26,15,0,0,11,0.423076923
300,23-03-2020,Himachal Pradesh,31.1048,77.1734,2,2,0,0,0,0
301,23-03-2020,Jammu and Kashmir,33.7782,76.5762,4,4,0,0,0,0
302,23-03-2020,Karnataka,15.3173,75.7139,33,30,1,0.03030303,2,0.060606061
303,23-03-2020,Kerala,10.8505,76.2711,67,64,0,0,3,0.044776119
304,23-03-2020,Ladakh,34.2996,78.2932,13,13,0,0,0,0
305,23-03-2020,Madhya Pradesh,22.9734,78.6569,6,6,0,0,0,0
306,23-03-2020,Maharashtra,19.7515,75.7139,74,72,2,0.027027027,0,0
307,23-03-2020,Odisha,20.9517,85.0985,2,2,0,0,0,0
308,23-03-2020,Puducherry,11.9416,79.8083,1,1,0,0,0,0
309,23-03-2020,Punjab,31.1471,75.3412,21,20,1,0.047619048,0,0
310,23-03-2020,Rajasthan,27.0238,74.2179,28,25,0,0,3,0.107142857
311,23-03-2020,Tamil Nadu,11.1271,78.6569,9,8,0,0,1,0.111111111
312,23-03-2020,Telengana,18.1124,79.0193,32,31,0,0,1,0.03125
313,23-03-2020,Uttar Pradesh,26.8467,80.9462,31,22,0,0,9,0.290322581
314,23-03-2020,Uttarakhand,30.0668,79.0193,3,3,0,0,0,0
315,23-03-2020,West Bengal,22.9868,87.855,7,6,1,0.142857143,0,0
316,24-03-2020,Andhra Pradesh,15.9129,79.74,8,8,0,0,0,0
317,24-03-2020,Bihar,25.0961,85.3131,3,2,1,0.333333333,0,0
318,24-03-2020,Chandigarh,30.7333,76.7794,7,7,0,0,0,0
319,24-03-2020,Chhattisgarh,21.2787,81.8661,1,1,0,0,0,0
320,24-03-2020,Delhi,28.7041,77.1025,30,22,2,0.066666667,6,0.2
321,24-03-2020,Gujarat,22.2587,71.1924,33,32,1,0.03030303,0,0
322,24-03-2020,Haryana,29.0588,76.0856,28,17,0,0,11,0.392857143
323,24-03-2020,Himachal Pradesh,31.1048,77.1734,3,2,1,0.333333333,0,0
324,24-03-2020,Jammu and Kashmir,33.7782,76.5762,4,4,0,0,0,0
325,24-03-2020,Karnataka,15.3173,75.7139,37,33,1,0.027027027,3,0.081081081
326,24-03-2020,Kerala,10.8505,76.2711,95,91,0,0,4,0.042105263
327,24-03-2020,Ladakh,34.2996,78.2932,13,13,0,0,0,0
328,24-03-2020,Madhya Pradesh,22.9734,78.6569,7,7,0,0,0,0
329,24-03-2020,Maharashtra,19.7515,75.7139,89,87,2,0.02247191,0,0
330,24-03-2020,Manipur,24.6637,93.9063,1,1,0,0,0,0
331,24-03-2020,Odisha,20.9517,85.0985,2,2,0,0,0,0
332,24-03-2020,Puducherry,11.9416,79.8083,1,1,0,0,0,0
333,24-03-2020,Punjab,31.1471,75.3412,29,28,1,0.034482759,0,0
334,24-03-2020,Rajasthan,27.0238,74.2179,32,29,0,0,3,0.09375
335,24-03-2020,Tamil Nadu,11.1271,78.6569,15,14,0,0,1,0.066666667
336,24-03-2020,Telengana,18.1124,79.0193,35,34,0,0,1,0.028571429
337,24-03-2020,Uttar Pradesh,26.8467,80.9462,33,22,0,0,11,0.333333333
338,24-03-2020,Uttarakhand,30.0668,79.0193,4,4,0,0,0,0
339,24-03-2020,West Bengal,22.9868,87.855,9,8,1,0.111111111,0,0
340,25-03-2020,Andhra Pradesh,15.9129,79.74,9,8,0,0,1,0.111111111
341,25-03-2020,Bihar,25.0961,85.3131,4,3,1,0.25,0,0
342,25-03-2020,Chandigarh,30.7333,76.7794,7,7,0,0,0,0
343,25-03-2020,Chhattisgarh,21.2787,81.8661,1,1,0,0,0,0
344,25-03-2020,Delhi,28.7041,77.1025,31,24,1,0.032258065,6,0.193548387
345,25-03-2020,Gujarat,22.2587,71.1924,38,37,1,0.026315789,0,0
346,25-03-2020,Haryana,29.0588,76.0856,28,17,0,0,11,0.392857143
347,25-03-2020,Himachal Pradesh,31.1048,77.1734,3,2,1,0.333333333,0,0
348,25-03-2020,Jammu and Kashmir,33.7782,76.5762,7,6,0,0,1,0.142857143
349,25-03-2020,Karnataka,15.3173,75.7139,41,37,1,0.024390244,3,0.073170732
350,25-03-2020,Kerala,10.8505,76.2711,109,105,0,0,4,0.036697248
351,25-03-2020,Ladakh,34.2996,78.2932,13,13,0,0,0,0
352,25-03-2020,Madhya Pradesh,22.9734,78.6569,14,14,0,0,0,0
353,25-03-2020,Maharashtra,19.7515,75.7139,128,124,3,0.0234375,1,0.0078125
354,25-03-2020,Manipur,24.6637,93.9063,1,1,0,0,0,0
355,25-03-2020,Mizoram,23.1645,92.9376,1,1,0,0,0,0
356,25-03-2020,Odisha,20.9517,85.0985,2,2,0,0,0,0
357,25-03-2020,Puducherry,11.9416,79.8083,1,1,0,0,0,0
358,25-03-2020,Punjab,31.1471,75.3412,29,28,1,0.034482759,0,0
359,25-03-2020,Rajasthan,27.0238,74.2179,36,33,0,0,3,0.083333333
360,25-03-2020,Tamil Nadu,11.1271,78.6569,18,17,0,0,1,0.055555556
361,25-03-2020,Telengana,18.1124,79.0193,35,34,0,0,1,0.028571429
362,25-03-2020,Uttar Pradesh,26.8467,80.9462,37,26,0,0,11,0.297297297
363,25-03-2020,Uttarakhand,30.0668,79.0193,4,4,0,0,0,0
364,25-03-2020,West Bengal,22.9868,87.855,9,8,1,0.111111111,0,0
365,26-03-2020,Andaman and Nicobar Islands,11.7401,92.6586,1,1,0,0,0,0
366,26-03-2020,Andhra Pradesh,15.9129,79.74,11,10,0,0,1,0.090909091
367,26-03-2020,Bihar,25.0961,85.3131,6,5,1,0.166666667,0,0
368,26-03-2020,Chandigarh,30.7333,76.7794,7,7,0,0,0,0
369,26-03-2020,Chhattisgarh,21.2787,81.8661,6,6,0,0,0,0
370,26-03-2020,Delhi,28.7041,77.1025,36,29,1,0.027777778,6,0.166666667
371,26-03-2020,Goa,15.2993,74.124,3,3,0,0,0,0
372,26-03-2020,Gujarat,22.2587,71.1924,43,40,3,0.069767442,0,0
373,26-03-2020,Haryana,29.0588,76.0856,30,19,0,0,11,0.366666667
374,26-03-2020,Himachal Pradesh,31.1048,77.1734,3,2,1,0.333333333,0,0
375,26-03-2020,Jammu and Kashmir,33.7782,76.5762,13,11,1,0.076923077,1,0.076923077
376,26-03-2020,Karnataka,15.3173,75.7139,55,50,2,0.036363636,3,0.054545455
377,26-03-2020,Kerala,10.8505,76.2711,118,112,0,0,6,0.050847458
378,26-03-2020,Ladakh,34.2996,78.2932,13,13,0,0,0,0
379,26-03-2020,Madhya Pradesh,22.9734,78.6569,20,19,1,0.05,0,0
380,26-03-2020,Maharashtra,19.7515,75.7139,124,120,3,0.024193548,1,0.008064516
381,26-03-2020,Manipur,24.6637,93.9063,1,1,0,0,0,0
382,26-03-2020,Mizoram,23.1645,92.9376,1,1,0,0,0,0
383,26-03-2020,Odisha,20.9517,85.0985,2,2,0,0,0,0
384,26-03-2020,Puducherry,11.9416,79.8083,1,1,0,0,0,0
385,26-03-2020,Punjab,31.1471,75.3412,33,32,1,0.03030303,0,0
386,26-03-2020,Rajasthan,27.0238,74.2179,41,38,0,0,3,0.073170732
387,26-03-2020,Tamil Nadu,11.1271,78.6569,26,24,1,0.038461538,1,0.038461538
388,26-03-2020,Telengana,18.1124,79.0193,44,43,0,0,1,0.022727273
389,26-03-2020,Uttar Pradesh,26.8467,80.9462,41,30,0,0,11,0.268292683
390,26-03-2020,Uttarakhand,30.0668,79.0193,5,5,0,0,0,0
391,26-03-2020,West Bengal,22.9868,87.855,10,9,1,0.1,0,0
392,27-03-2020,Andaman and Nicobar Islands,11.7401,92.6586,1,1,0,0,0,0
393,27-03-2020,Andhra Pradesh,15.9129,79.74,12,11,0,0,1,0.083333333
394,27-03-2020,Bihar,25.0961,85.3131,6,5,1,0.166666667,0,0
395,27-03-2020,Chandigarh,30.7333,76.7794,7,7,0,0,0,0
396,27-03-2020,Chhattisgarh,21.2787,81.8661,6,6,0,0,0,0
397,27-03-2020,Delhi,28.7041,77.1025,36,29,1,0.027777778,6,0.166666667
398,27-03-2020,Goa,15.2993,74.124,3,3,0,0,0,0
399,27-03-2020,Gujarat,22.2587,71.1924,43,40,3,0.069767442,0,0
400,27-03-2020,Haryana,29.0588,76.0856,30,19,0,0,11,0.366666667
401,27-03-2020,Himachal Pradesh,31.1048,77.1734,3,2,1,0.333333333,0,0
402,27-03-2020,Jammu and Kashmir,33.7782,76.5762,13,11,1,0.076923077,1,0.076923077
403,27-03-2020,Karnataka,15.3173,75.7139,55,50,2,0.036363636,3,0.054545455
404,27-03-2020,Kerala,10.8505,76.2711,137,126,0,0,11,0.080291971
405,27-03-2020,Ladakh,34.2996,78.2932,13,10,0,0,3,0.230769231
406,27-03-2020,Madhya Pradesh,22.9734,78.6569,20,19,1,0.05,0,0
407,27-03-2020,Maharashtra,19.7515,75.7139,130,111,4,0.030769231,15,0.115384615
408,27-03-2020,Manipur,24.6637,93.9063,1,1,0,0,0,0
409,27-03-2020,Mizoram,23.1645,92.9376,1,1,0,0,0,0
410,27-03-2020,Odisha,20.9517,85.0985,2,2,0,0,0,0
411,27-03-2020,Puducherry,11.9416,79.8083,1,1,0,0,0,0
412,27-03-2020,Punjab,31.1471,75.3412,33,32,1,0.03030303,0,0
413,27-03-2020,Rajasthan,27.0238,74.2179,41,38,0,0,3,0.073170732
414,27-03-2020,Tamil Nadu,11.1271,78.6569,29,27,1,0.034482759,1,0.034482759
415,27-03-2020,Telengana,18.1124,79.0193,45,44,0,0,1,0.022222222
416,27-03-2020,Uttar Pradesh,26.8467,80.9462,41,30,0,0,11,0.268292683
417,27-03-2020,Uttarakhand,30.0668,79.0193,5,5,0,0,0,0
418,27-03-2020,West Bengal,22.9868,87.855,10,9,1,0.1,0,0
419,28-03-2020,Andaman and Nicobar Islands,11.7401,92.6586,6,6,0,0,0,0
420,28-03-2020,Andhra Pradesh,15.9129,79.74,14,13,0,0,1,0.071428571
421,28-03-2020,Bihar,25.0961,85.3131,9,8,1,0.111111111,0,0
422,28-03-2020,Chandigarh,30.7333,76.7794,8,8,0,0,0,0
423,28-03-2020,Chhattisgarh,21.2787,81.8661,6,6,0,0,0,0
424,28-03-2020,Delhi,28.7041,77.1025,39,32,1,0.025641026,6,0.153846154
425,28-03-2020,Goa,15.2993,74.124,3,3,0,0,0,0
426,28-03-2020,Gujarat,22.2587,71.1924,45,42,3,0.066666667,0,0
427,28-03-2020,Haryana,29.0588,76.0856,33,21,0,0,12,0.363636364
428,28-03-2020,Himachal Pradesh,31.1048,77.1734,3,2,1,0.333333333,0,0
429,28-03-2020,Jammu and Kashmir,33.7782,76.5762,20,18,1,0.05,1,0.05
430,28-03-2020,Karnataka,15.3173,75.7139,55,50,2,0.036363636,3,0.054545455
431,28-03-2020,Kerala,10.8505,76.2711,176,165,0,0,11,0.0625
432,28-03-2020,Ladakh,34.2996,78.2932,13,10,0,0,3,0.230769231
433,28-03-2020,Madhya Pradesh,22.9734,78.6569,30,28,2,0.066666667,0,0
434,28-03-2020,Maharashtra,19.7515,75.7139,180,150,5,0.027777778,25,0.138888889
435,28-03-2020,Manipur,24.6637,93.9063,1,1,0,0,0,0
436,28-03-2020,Mizoram,23.1645,92.9376,1,1,0,0,0,0
437,28-03-2020,Odisha,20.9517,85.0985,3,3,0,0,0,0
438,28-03-2020,Puducherry,11.9416,79.8083,1,1,0,0,0,0
439,28-03-2020,Punjab,31.1471,75.3412,38,36,1,0.026315789,1,0.026315789
440,28-03-2020,Rajasthan,27.0238,74.2179,54,51,0,0,3,0.055555556
441,28-03-2020,Tamil Nadu,11.1271,78.6569,40,37,1,0.025,2,0.05
442,28-03-2020,Telengana,18.1124,79.0193,56,55,0,0,1,0.017857143
443,28-03-2020,Uttar Pradesh,26.8467,80.9462,55,44,0,0,11,0.2
444,28-03-2020,Uttarakhand,30.0668,79.0193,5,5,0,0,0,0
445,28-03-2020,West Bengal,22.9868,87.855,15,14,1,0.066666667,0,0
446,29-03-2020,Andaman and Nicobar Islands,11.7401,92.6586,9,9,0,0,0,0
447,29-03-2020,Andhra Pradesh,15.9129,79.74,14,13,0,0,1,0.071428571
448,29-03-2020,Bihar,25.0961,85.3131,9,8,1,0.111111111,0,0
449,29-03-2020,Chandigarh,30.7333,76.7794,8,8,0,0,0,0
450,29-03-2020,Chhattisgarh,21.2787,81.8661,6,6,0,0,0,0
451,29-03-2020,Delhi,28.7041,77.1025,39,31,2,0.051282051,6,0.153846154
452,29-03-2020,Goa,15.2993,74.124,3,3,0,0,0,0
453,29-03-2020,Gujarat,22.2587,71.1924,53,49,4,0.075471698,0,0
454,29-03-2020,Haryana,29.0588,76.0856,33,21,0,0,12,0.363636364
455,29-03-2020,Himachal Pradesh,31.1048,77.1734,3,2,1,0.333333333,0,0
456,29-03-2020,Jammu and Kashmir,33.7782,76.5762,31,29,1,0.032258065,1,0.032258065
457,29-03-2020,Karnataka,15.3173,75.7139,76,68,3,0.039473684,5,0.065789474
458,29-03-2020,Kerala,10.8505,76.2711,182,166,1,0.005494505,15,0.082417582
459,29-03-2020,Ladakh,34.2996,78.2932,13,10,0,0,3,0.230769231
460,29-03-2020,Madhya Pradesh,22.9734,78.6569,30,28,2,0.066666667,0,0
461,29-03-2020,Maharashtra,19.7515,75.7139,186,155,6,0.032258065,25,0.134408602
462,29-03-2020,Manipur,24.6637,93.9063,1,1,0,0,0,0
463,29-03-2020,Mizoram,23.1645,92.9376,1,1,0,0,0,0
464,29-03-2020,Odisha,20.9517,85.0985,3,3,0,0,0,0
465,29-03-2020,Puducherry,11.9416,79.8083,1,1,0,0,0,0
466,29-03-2020,Punjab,31.1471,75.3412,38,36,1,0.026315789,1,0.026315789
467,29-03-2020,Rajasthan,27.0238,74.2179,54,51,0,0,3,0.055555556
468,29-03-2020,Tamil Nadu,11.1271,78.6569,42,39,1,0.023809524,2,0.047619048
469,29-03-2020,Telengana,18.1124,79.0193,66,64,1,0.015151515,1,0.015151515
470,29-03-2020,Uttar Pradesh,26.8467,80.9462,55,44,0,0,11,0.2
471,29-03-2020,Uttarakhand,30.0668,79.0193,6,5,0,0,1,0.166666667
472,29-03-2020,West Bengal,22.9868,87.855,18,17,1,0.055555556,0,0
473,30-03-2020,Andaman and Nicobar Islands,11.7401,92.6586,9,9,0,0,0,0
474,30-03-2020,Andhra Pradesh,15.9129,79.74,19,18,0,0,1,0.052631579
475,30-03-2020,Bihar,25.0961,85.3131,11,10,1,0.090909091,0,0
476,30-03-2020,Chandigarh,30.7333,76.7794,8,8,0,0,0,0
477,30-03-2020,Chhattisgarh,21.2787,81.8661,7,7,0,0,0,0
478,30-03-2020,Delhi,28.7041,77.1025,53,45,2,0.037735849,6,0.113207547
479,30-03-2020,Goa,15.2993,74.124,5,5,0,0,0,0
480,30-03-2020,Gujarat,22.2587,71.1924,58,52,5,0.086206897,1,0.017241379
481,30-03-2020,Haryana,29.0588,76.0856,33,16,0,0,17,0.515151515
482,30-03-2020,Himachal Pradesh,31.1048,77.1734,3,2,1,0.333333333,0,0
483,30-03-2020,Jammu and Kashmir,33.7782,76.5762,31,28,2,0.064516129,1,0.032258065
484,30-03-2020,Karnataka,15.3173,75.7139,80,72,3,0.0375,5,0.0625
485,30-03-2020,Kerala,10.8505,76.2711,194,174,1,0.005154639,19,0.097938144
486,30-03-2020,Ladakh,34.2996,78.2932,13,10,0,0,3,0.230769231
487,30-03-2020,Madhya Pradesh,22.9734,78.6569,33,31,2,0.060606061,0,0
488,30-03-2020,Maharashtra,19.7515,75.7139,193,160,8,0.041450777,25,0.129533679
489,30-03-2020,Manipur,24.6637,93.9063,1,1,0,0,0,0
490,30-03-2020,Mizoram,23.1645,92.9376,1,1,0,0,0,0
491,30-03-2020,Odisha,20.9517,85.0985,3,3,0,0,0,0
492,30-03-2020,Puducherry,11.9416,79.8083,1,1,0,0,0,0
493,30-03-2020,Punjab,31.1471,75.3412,38,36,1,0.026315789,1,0.026315789
494,30-03-2020,Rajasthan,27.0238,74.2179,57,54,0,0,3,0.052631579
495,30-03-2020,Tamil Nadu,11.1271,78.6569,50,45,1,0.02,4,0.08
496,30-03-2020,Telengana,18.1124,79.0193,69,67,1,0.014492754,1,0.014492754
497,30-03-2020,Uttar Pradesh,26.8467,80.9462,75,64,0,0,11,0.146666667
498,30-03-2020,Uttarakhand,30.0668,79.0193,7,5,0,0,2,0.285714286
499,30-03-2020,West Bengal,22.9868,87.855,19,18,1,0.052631579,0,0
500,31-03-2020,Andaman and Nicobar Islands,11.7401,92.6586,10,10,0,0,0,0
501,31-03-2020,Andhra Pradesh,15.9129,79.74,40,39,0,0,1,0.025
502,31-03-2020,Bihar,25.0961,85.3131,15,14,1,0.066666667,0,0
503,31-03-2020,Chandigarh,30.7333,76.7794,13,13,0,0,0,0
504,31-03-2020,Chhattisgarh,21.2787,81.8661,8,8,0,0,0,0
505,31-03-2020,Delhi,28.7041,77.1025,97,89,2,0.020618557,6,0.06185567
506,31-03-2020,Goa,15.2993,74.124,5,5,0,0,0,0
507,31-03-2020,Gujarat,22.2587,71.1924,73,64,6,0.082191781,3,0.04109589
508,31-03-2020,Haryana,29.0588,76.0856,40,19,0,0,21,0.525
509,31-03-2020,Himachal Pradesh,31.1048,77.1734,3,2,1,0.333333333,0,0
510,31-03-2020,Jammu and Kashmir,33.7782,76.5762,54,50,2,0.037037037,2,0.037037037
511,31-03-2020,Karnataka,15.3173,75.7139,83,75,3,0.036144578,5,0.060240964
512,31-03-2020,Kerala,10.8505,76.2711,234,214,1,0.004273504,19,0.081196581
513,31-03-2020,Ladakh,34.2996,78.2932,13,10,0,0,3,0.230769231
514,31-03-2020,Madhya Pradesh,22.9734,78.6569,47,44,3,0.063829787,0,0
515,31-03-2020,Maharashtra,19.7515,75.7139,216,168,9,0.041666667,39,0.180555556
516,31-03-2020,Manipur,24.6637,93.9063,1,1,0,0,0,0
517,31-03-2020,Mizoram,23.1645,92.9376,1,1,0,0,0,0
518,31-03-2020,Odisha,20.9517,85.0985,3,3,0,0,0,0
519,31-03-2020,Puducherry,11.9416,79.8083,1,1,0,0,0,0
520,31-03-2020,Punjab,31.1471,75.3412,41,37,3,0.073170732,1,0.024390244
521,31-03-2020,Rajasthan,27.0238,74.2179,74,71,0,0,3,0.040540541
522,31-03-2020,Tamil Nadu,11.1271,78.6569,74,69,1,0.013513514,4,0.054054054
523,31-03-2020,Telengana,18.1124,79.0193,79,77,1,0.012658228,1,0.012658228
524,31-03-2020,Uttar Pradesh,26.8467,80.9462,101,87,0,0,14,0.138613861
525,31-03-2020,Uttarakhand,30.0668,79.0193,7,5,0,0,2,0.285714286
526,31-03-2020,West Bengal,22.9868,87.855,26,24,2,0.076923077,0,0
527,01-04-2020,Andaman and Nicobar Islands,11.7401,92.6586,10,9,0,0,1,0.1
528,01-04-2020,Andhra Pradesh,15.9129,79.74,83,83,0,0,0,0
529,01-04-2020,Assam,26.2006,92.9376,1,1,0,0,0,0
530,01-04-2020,Bihar,25.0961,85.3131,23,22,1,0.043478261,0,0
531,01-04-2020,Chandigarh,30.7333,76.7794,16,16,0,0,0,0
532,01-04-2020,Chhattisgarh,21.2787,81.8661,9,7,0,0,2,0.222222222
533,01-04-2020,Delhi,28.7041,77.1025,152,144,2,0.013157895,6,0.039473684
534,01-04-2020,Goa,15.2993,74.124,5,5,0,0,0,0
535,01-04-2020,Gujarat,22.2587,71.1924,82,71,6,0.073170732,5,0.06097561
536,01-04-2020,Haryana,29.0588,76.0856,43,22,0,0,21,0.488372093
537,01-04-2020,Himachal Pradesh,31.1048,77.1734,3,2,1,0.333333333,0,0
538,01-04-2020,Jammu and Kashmir,33.7782,76.5762,62,58,2,0.032258065,2,0.032258065
539,01-04-2020,Jharkhand,23.6102,85.2799,1,1,0,0,0,0
540,01-04-2020,Karnataka,15.3173,75.7139,101,90,3,0.02970297,8,0.079207921
541,01-04-2020,Kerala,10.8505,76.2711,241,216,2,0.008298755,23,0.095435685
542,01-04-2020,Ladakh,34.2996,78.2932,13,10,0,0,3,0.230769231
543,01-04-2020,Madhya Pradesh,22.9734,78.6569,66,63,3,0.045454545,0,0
544,01-04-2020,Maharashtra,19.7515,75.7139,302,254,9,0.029801325,39,0.129139073
545,01-04-2020,Manipur,24.6637,93.9063,1,1,0,0,0,0
546,01-04-2020,Mizoram,23.1645,92.9376,1,1,0,0,0,0
547,01-04-2020,Odisha,20.9517,85.0985,4,4,0,0,0,0
548,01-04-2020,Puducherry,11.9416,79.8083,3,2,0,0,1,0.333333333
549,01-04-2020,Punjab,31.1471,75.3412,42,38,3,0.071428571,1,0.023809524
550,01-04-2020,Rajasthan,27.0238,74.2179,93,90,0,0,3,0.032258065
551,01-04-2020,Tamil Nadu,11.1271,78.6569,234,227,1,0.004273504,6,0.025641026
552,01-04-2020,Telengana,18.1124,79.0193,96,92,3,0.03125,1,0.010416667
553,01-04-2020,Uttar Pradesh,26.8467,80.9462,103,87,2,0.019417476,14,0.13592233
554,01-04-2020,Uttarakhand,30.0668,79.0193,7,5,0,0,2,0.285714286
555,02-04-2020,Andaman and Nicobar Islands,11.7401,92.6586,10,10,0,0,0,0
556,02-04-2020,Andhra Pradesh,15.9129,79.74,86,84,1,0.011627907,1,0.011627907
557,02-04-2020,Assam,26.2006,92.9376,1,1,0,0,0,0
558,02-04-2020,Bihar,25.0961,85.3131,23,22,1,0.043478261,0,0
559,02-04-2020,Chandigarh,30.7333,76.7794,16,16,0,0,0,0
560,02-04-2020,Chhattisgarh,21.2787,81.8661,9,7,0,0,2,0.222222222
561,02-04-2020,Delhi,28.7041,77.1025,152,144,2,0.013157895,6,0.039473684
562,02-04-2020,Goa,15.2993,74.124,5,5,0,0,0,0
563,02-04-2020,Gujarat,22.2587,71.1924,82,71,6,0.073170732,5,0.06097561
564,02-04-2020,Haryana,29.0588,76.0856,43,22,0,0,21,0.488372093
565,02-04-2020,Himachal Pradesh,31.1048,77.1734,3,1,1,0.333333333,1,0.333333333
566,02-04-2020,Jammu and Kashmir,33.7782,76.5762,62,58,2,0.032258065,2,0.032258065
567,02-04-2020,Jharkhand,23.6102,85.2799,1,1,0,0,0,0
568,02-04-2020,Karnataka,15.3173,75.7139,110,98,3,0.027272727,9,0.081818182
569,02-04-2020,Kerala,10.8505,76.2711,265,238,2,0.00754717,25,0.094339623
570,02-04-2020,Ladakh,34.2996,78.2932,13,10,0,0,3,0.230769231
571,02-04-2020,Madhya Pradesh,22.9734,78.6569,99,93,6,0.060606061,0,0
572,02-04-2020,Maharashtra,19.7515,75.7139,335,280,13,0.03880597,42,0.125373134
573,02-04-2020,Manipur,24.6637,93.9063,1,1,0,0,0,0
574,02-04-2020,Mizoram,23.1645,92.9376,1,1,0,0,0,0
575,02-04-2020,Odisha,20.9517,85.0985,4,4,0,0,0,0
576,02-04-2020,Puducherry,11.9416,79.8083,3,2,0,0,1,0.333333333
577,02-04-2020,Punjab,31.1471,75.3412,46,41,4,0.086956522,1,0.02173913
578,02-04-2020,Rajasthan,27.0238,74.2179,108,105,0,0,3,0.027777778
579,02-04-2020,Tamil Nadu,11.1271,78.6569,234,227,1,0.004273504,6,0.025641026
580,02-04-2020,Telengana,18.1124,79.0193,96,92,3,0.03125,1,0.010416667
581,02-04-2020,Uttar Pradesh,26.8467,80.9462,113,97,2,0.017699115,14,0.123893805
582,02-04-2020,Uttarakhand,30.0668,79.0193,7,5,0,0,2,0.285714286
583,03-04-2020,Andaman and Nicobar Islands,11.7401,92.6586,10,10,0,0,0,0
584,03-04-2020,Andhra Pradesh,15.9129,79.74,132,130,1,0.007575758,1,0.007575758
585,03-04-2020,Arunachal Pradesh,28.218,94.7278,1,1,0,0,0,0
586,03-04-2020,Assam,26.2006,92.9376,16,16,0,0,0,0
587,03-04-2020,Bihar,25.0961,85.3131,24,23,1,0.041666667,0,0
588,03-04-2020,Chandigarh,30.7333,76.7794,18,18,0,0,0,0
589,03-04-2020,Chhattisgarh,21.2787,81.8661,9,7,0,0,2,0.222222222
590,03-04-2020,Delhi,28.7041,77.1025,219,207,4,0.01826484,8,0.03652968
591,03-04-2020,Goa,15.2993,74.124,6,6,0,0,0,0
592,03-04-2020,Gujarat,22.2587,71.1924,87,72,7,0.08045977,8,0.091954023
593,03-04-2020,Haryana,29.0588,76.0856,43,22,0,0,21,0.488372093
594,03-04-2020,Himachal Pradesh,31.1048,77.1734,6,4,1,0.166666667,1,0.166666667
595,03-04-2020,Jammu and Kashmir,33.7782,76.5762,70,65,2,0.028571429,3,0.042857143
596,03-04-2020,Jharkhand,23.6102,85.2799,2,2,0,0,0,0
597,03-04-2020,Karnataka,15.3173,75.7139,124,111,3,0.024193548,10,0.080645161
598,03-04-2020,Kerala,10.8505,76.2711,286,257,2,0.006993007,27,0.094405594
599,03-04-2020,Ladakh,34.2996,78.2932,14,11,0,0,3,0.214285714
600,03-04-2020,Madhya Pradesh,22.9734,78.6569,99,93,6,0.060606061,0,0
601,03-04-2020,Maharashtra,19.7515,75.7139,335,277,16,0.047761194,42,0.125373134
602,03-04-2020,Manipur,24.6637,93.9063,2,2,0,0,0,0
603,03-04-2020,Mizoram,23.1645,92.9376,1,1,0,0,0,0
604,03-04-2020,Odisha,20.9517,85.0985,5,5,0,0,0,0
605,03-04-2020,Puducherry,11.9416,79.8083,3,2,0,0,1,0.333333333
606,03-04-2020,Punjab,31.1471,75.3412,46,41,4,0.086956522,1,0.02173913
607,03-04-2020,Rajasthan,27.0238,74.2179,133,130,0,0,3,0.022556391
608,03-04-2020,Tamil Nadu,11.1271,78.6569,309,302,1,0.003236246,6,0.019417476
609,03-04-2020,Telengana,18.1124,79.0193,107,103,3,0.028037383,1,0.009345794
610,03-04-2020,Uttar Pradesh,26.8467,80.9462,113,97,2,0.017699115,14,0.123893805
611,03-04-2020,Uttarakhand,30.0668,79.0193,10,8,0,0,2,0.2
612,03-04-2020,West Bengal,22.9868,87.855,53,47,3,0.056603774,3,0.056603774
613,04-04-2020,Andaman and Nicobar Islands,11.7401,92.6586,10,10,0,0,0,0
614,04-04-2020,Andhra Pradesh,15.9129,79.74,161,159,1,0.00621118,1,0.00621118
615,04-04-2020,Arunachal Pradesh,28.218,94.7278,1,1,0,0,0,0
616,04-04-2020,Assam,26.2006,92.9376,24,24,0,0,0,0
617,04-04-2020,Bihar,25.0961,85.3131,29,28,1,0.034482759,0,0
618,04-04-2020,Chandigarh,30.7333,76.7794,18,18,0,0,0,0
619,04-04-2020,Chhattisgarh,21.2787,81.8661,9,6,0,0,3,0.333333333
620,04-04-2020,Delhi,28.7041,77.1025,386,372,6,0.015544041,8,0.020725389
621,04-04-2020,Goa,15.2993,74.124,6,6,0,0,0,0
622,04-04-2020,Gujarat,22.2587,71.1924,95,76,9,0.094736842,10,0.105263158
623,04-04-2020,Haryana,29.0588,76.0856,49,25,0,0,24,0.489795918
624,04-04-2020,Himachal Pradesh,31.1048,77.1734,6,4,1,0.166666667,1,0.166666667
625,04-04-2020,Jammu and Kashmir,33.7782,76.5762,75,70,2,0.026666667,3,0.04
626,04-04-2020,Jharkhand,23.6102,85.2799,2,2,0,0,0,0
627,04-04-2020,Karnataka,15.3173,75.7139,128,113,3,0.0234375,12,0.09375
628,04-04-2020,Kerala,10.8505,76.2711,295,252,2,0.006779661,41,0.138983051
629,04-04-2020,Ladakh,34.2996,78.2932,14,11,0,0,3,0.214285714
630,04-04-2020,Madhya Pradesh,22.9734,78.6569,104,98,6,0.057692308,0,0
631,04-04-2020,Maharashtra,19.7515,75.7139,423,362,19,0.044917258,42,0.09929078
632,04-04-2020,Manipur,24.6637,93.9063,2,2,0,0,0,0
633,04-04-2020,Mizoram,23.1645,92.9376,1,1,0,0,0,0
634,04-04-2020,Odisha,20.9517,85.0985,5,5,0,0,0,0
635,04-04-2020,Puducherry,11.9416,79.8083,5,4,0,0,1,0.2
636,04-04-2020,Punjab,31.1471,75.3412,53,47,5,0.094339623,1,0.018867925
637,04-04-2020,Rajasthan,27.0238,74.2179,179,176,0,0,3,0.016759777
638,04-04-2020,Tamil Nadu,11.1271,78.6569,411,404,1,0.00243309,6,0.01459854
639,04-04-2020,Telengana,18.1124,79.0193,158,150,7,0.044303797,1,0.006329114
640,04-04-2020,Uttar Pradesh,26.8467,80.9462,174,153,2,0.011494253,19,0.109195402
641,04-04-2020,Uttarakhand,30.0668,79.0193,16,14,0,0,2,0.125
642,05-04-2020,Andaman and Nicobar Islands,11.7401,92.6586,10,10,0,0,0,0
643,05-04-2020,Andhra Pradesh,15.9129,79.74,161,159,1,0.00621118,1,0.00621118
644,05-04-2020,Arunachal Pradesh,28.218,94.7278,1,1,0,0,0,0
645,05-04-2020,Assam,26.2006,92.9376,24,24,0,0,0,0
646,05-04-2020,Bihar,25.0961,85.3131,30,29,1,0.033333333,0,0
647,05-04-2020,Chandigarh,30.7333,76.7794,18,18,0,0,0,0
648,05-04-2020,Chhattisgarh,21.2787,81.8661,9,6,0,0,3,0.333333333
649,05-04-2020,Delhi,28.7041,77.1025,445,424,6,0.013483146,15,0.033707865
650,05-04-2020,Goa,15.2993,74.124,7,7,0,0,0,0
651,05-04-2020,Gujarat,22.2587,71.1924,105,81,10,0.095238095,14,0.133333333
652,05-04-2020,Haryana,29.0588,76.0856,49,25,0,0,24,0.489795918
653,05-04-2020,Himachal Pradesh,31.1048,77.1734,6,4,1,0.166666667,1,0.166666667
654,05-04-2020,Jammu and Kashmir,33.7782,76.5762,92,86,2,0.02173913,4,0.043478261
655,05-04-2020,Jharkhand,23.6102,85.2799,2,2,0,0,0,0
656,05-04-2020,Karnataka,15.3173,75.7139,144,128,4,0.027777778,12,0.083333333
657,05-04-2020,Kerala,10.8505,76.2711,306,255,2,0.006535948,49,0.160130719
658,05-04-2020,Ladakh,34.2996,78.2932,14,4,0,0,10,0.714285714
659,05-04-2020,Madhya Pradesh,22.9734,78.6569,104,98,6,0.057692308,0,0
660,05-04-2020,Maharashtra,19.7515,75.7139,490,424,24,0.048979592,42,0.085714286
661,05-04-2020,Manipur,24.6637,93.9063,2,2,0,0,0,0
662,05-04-2020,Mizoram,23.1645,92.9376,1,1,0,0,0,0
663,05-04-2020,Odisha,20.9517,85.0985,20,20,0,0,0,0
664,05-04-2020,Puducherry,11.9416,79.8083,5,4,0,0,1,0.2
665,05-04-2020,Punjab,31.1471,75.3412,57,51,5,0.087719298,1,0.01754386
666,05-04-2020,Rajasthan,27.0238,74.2179,200,179,0,0,21,0.105
667,05-04-2020,Tamil Nadu,11.1271,78.6569,485,476,3,0.006185567,6,0.012371134
668,05-04-2020,Telengana,18.1124,79.0193,269,230,7,0.026022305,32,0.118959108
669,05-04-2020,Uttar Pradesh,26.8467,80.9462,227,206,2,0.008810573,19,0.083700441
670,05-04-2020,Uttarakhand,30.0668,79.0193,22,20,0,0,2,0.090909091
671,05-04-2020,West Bengal,22.9868,87.855,69,56,3,0.043478261,10,0.144927536
672,06-04-2020,Andaman and Nicobar Islands,11.7401,92.6586,10,10,0,0,0,0
673,06-04-2020,Andhra Pradesh,15.9129,79.74,226,222,3,0.013274336,1,0.004424779
674,06-04-2020,Arunachal Pradesh,28.218,94.7278,1,1,0,0,0,0
675,06-04-2020,Assam,26.2006,92.9376,26,26,0,0,0,0
676,06-04-2020,Bihar,25.0961,85.3131,30,29,1,0.033333333,0,0
677,06-04-2020,Chandigarh,30.7333,76.7794,18,18,0,0,0,0
678,06-04-2020,Chhattisgarh,21.2787,81.8661,9,6,0,0,3,0.333333333
679,06-04-2020,Delhi,28.7041,77.1025,503,478,7,0.013916501,18,0.035785288
680,06-04-2020,Goa,15.2993,74.124,7,7,0,0,0,0
681,06-04-2020,Gujarat,22.2587,71.1924,122,93,11,0.090163934,18,0.147540984
682,06-04-2020,Haryana,29.0588,76.0856,84,58,1,0.011904762,25,0.297619048
683,06-04-2020,Himachal Pradesh,31.1048,77.1734,13,11,1,0.076923077,1,0.076923077
684,06-04-2020,Jammu and Kashmir,33.7782,76.5762,106,100,2,0.018867925,4,0.037735849
685,06-04-2020,Jharkhand,23.6102,85.2799,3,3,0,0,0,0
686,06-04-2020,Karnataka,15.3173,75.7139,151,135,4,0.026490066,12,0.079470199
687,06-04-2020,Kerala,10.8505,76.2711,314,257,2,0.006369427,55,0.175159236
688,06-04-2020,Ladakh,34.2996,78.2932,14,4,0,0,10,0.714285714
689,06-04-2020,Madhya Pradesh,22.9734,78.6569,165,156,9,0.054545455,0,0
690,06-04-2020,Maharashtra,19.7515,75.7139,690,603,45,0.065217391,42,0.060869565
691,06-04-2020,Manipur,24.6637,93.9063,2,2,0,0,0,0
692,06-04-2020,Mizoram,23.1645,92.9376,1,1,0,0,0,0
693,06-04-2020,Odisha,20.9517,85.0985,21,19,0,0,2,0.095238095
694,06-04-2020,Puducherry,11.9416,79.8083,5,4,0,0,1,0.2
695,06-04-2020,Punjab,31.1471,75.3412,68,58,6,0.088235294,4,0.058823529
696,06-04-2020,Rajasthan,27.0238,74.2179,253,232,0,0,21,0.083003953
697,06-04-2020,Tamil Nadu,11.1271,78.6569,571,558,5,0.008756567,8,0.014010508
698,06-04-2020,Telengana,18.1124,79.0193,321,280,7,0.021806854,34,0.105919003
699,06-04-2020,Uttar Pradesh,26.8467,80.9462,227,206,2,0.008810573,19,0.083700441
700,06-04-2020,Uttarakhand,30.0668,79.0193,26,22,0,0,4,0.153846154
701,06-04-2020,West Bengal,22.9868,87.855,80,67,3,0.0375,10,0.125
702,07-04-2020,Andaman and Nicobar Islands,11.7401,92.6586,10,10,0,0,0,0
703,07-04-2020,Andhra Pradesh,15.9129,79.74,266,262,3,0.011278195,1,0.003759398
704,07-04-2020,Arunachal Pradesh,28.218,94.7278,1,1,0,0,0,0
705,07-04-2020,Assam,26.2006,92.9376,26,26,0,0,0,0
706,07-04-2020,Bihar,25.0961,85.3131,32,31,1,0.03125,0,0
707,07-04-2020,Chandigarh,30.7333,76.7794,18,18,0,0,0,0
708,07-04-2020,Chhattisgarh,21.2787,81.8661,10,2,0,0,8,0.8
709,07-04-2020,Delhi,28.7041,77.1025,523,497,7,0.013384321,19,0.036328872
710,07-04-2020,Goa,15.2993,74.124,7,7,0,0,0,0
711,07-04-2020,Gujarat,22.2587,71.1924,144,110,12,0.083333333,22,0.152777778
712,07-04-2020,Haryana,29.0588,76.0856,90,64,1,0.011111111,25,0.277777778
713,07-04-2020,Himachal Pradesh,31.1048,77.1734,13,10,1,0.076923077,2,0.153846154
714,07-04-2020,Jammu and Kashmir,33.7782,76.5762,109,103,2,0.018348624,4,0.036697248
715,07-04-2020,Jharkhand,23.6102,85.2799,4,4,0,0,0,0
716,07-04-2020,Karnataka,15.3173,75.7139,151,135,4,0.026490066,12,0.079470199
717,07-04-2020,Kerala,10.8505,76.2711,327,267,2,0.006116208,58,0.177370031
718,07-04-2020,Ladakh,34.2996,78.2932,14,4,0,0,10,0.714285714
719,07-04-2020,Madhya Pradesh,22.9734,78.6569,165,156,9,0.054545455,0,0
720,07-04-2020,Maharashtra,19.7515,75.7139,748,647,45,0.060160428,56,0.07486631
721,07-04-2020,Manipur,24.6637,93.9063,2,2,0,0,0,0
722,07-04-2020,Mizoram,23.1645,92.9376,1,1,0,0,0,0
723,07-04-2020,Odisha,20.9517,85.0985,21,19,0,0,2,0.095238095
724,07-04-2020,Puducherry,11.9416,79.8083,5,4,0,0,1,0.2
725,07-04-2020,Punjab,31.1471,75.3412,76,66,6,0.078947368,4,0.052631579
726,07-04-2020,Rajasthan,27.0238,74.2179,288,264,3,0.010416667,21,0.072916667
727,07-04-2020,Tamil Nadu,11.1271,78.6569,621,608,5,0.00805153,8,0.012882448
728,07-04-2020,Telengana,18.1124,79.0193,321,280,7,0.021806854,34,0.105919003
729,07-04-2020,Tripura,23.9408,91.9882,1,1,0,0,0,0
730,07-04-2020,Uttar Pradesh,26.8467,80.9462,305,281,3,0.009836066,21,0.068852459
731,07-04-2020,Uttarakhand,30.0668,79.0193,31,26,0,0,5,0.161290323
732,07-04-2020,West Bengal,22.9868,87.855,91,75,3,0.032967033,13,0.142857143
733,08-04-2020,Andaman and Nicobar Islands,11.7401,92.6586,10,10,0,0,0,0
734,08-04-2020,Andhra Pradesh,15.9129,79.74,305,300,4,0.013114754,1,0.003278689
735,08-04-2020,Arunachal Pradesh,28.218,94.7278,1,1,0,0,0,0
736,08-04-2020,Assam,26.2006,92.9376,27,27,0,0,0,0
737,08-04-2020,Bihar,25.0961,85.3131,38,37,1,0.026315789,0,0
738,08-04-2020,Chandigarh,30.7333,76.7794,18,11,0,0,7,0.388888889
739,08-04-2020,Chhattisgarh,21.2787,81.8661,10,1,0,0,9,0.9
740,08-04-2020,Delhi,28.7041,77.1025,576,546,9,0.015625,21,0.036458333
741,08-04-2020,Goa,15.2993,74.124,7,7,0,0,0,0
742,08-04-2020,Gujarat,22.2587,71.1924,165,127,13,0.078787879,25,0.151515152
743,08-04-2020,Haryana,29.0588,76.0856,147,116,3,0.020408163,28,0.19047619
744,08-04-2020,Himachal Pradesh,31.1048,77.1734,18,15,1,0.055555556,2,0.111111111
745,08-04-2020,Jammu and Kashmir,33.7782,76.5762,116,110,2,0.017241379,4,0.034482759
746,08-04-2020,Jharkhand,23.6102,85.2799,4,4,0,0,0,0
747,08-04-2020,Karnataka,15.3173,75.7139,175,146,4,0.022857143,25,0.142857143
748,08-04-2020,Kerala,10.8505,76.2711,336,264,2,0.005952381,70,0.208333333
749,08-04-2020,Ladakh,34.2996,78.2932,14,4,0,0,10,0.714285714
750,08-04-2020,Madhya Pradesh,22.9734,78.6569,229,216,13,0.056768559,0,0
751,08-04-2020,Maharashtra,19.7515,75.7139,1018,875,64,0.062868369,79,0.077603143
752,08-04-2020,Manipur,24.6637,93.9063,2,2,0,0,0,0
753,08-04-2020,Mizoram,23.1645,92.9376,1,1,0,0,0,0
754,08-04-2020,Odisha,20.9517,85.0985,42,39,1,0.023809524,2,0.047619048
755,08-04-2020,Puducherry,11.9416,79.8083,5,4,0,0,1,0.2
756,08-04-2020,Punjab,31.1471,75.3412,91,80,7,0.076923077,4,0.043956044
757,08-04-2020,Rajasthan,27.0238,74.2179,328,304,3,0.009146341,21,0.06402439
758,08-04-2020,Tamil Nadu,11.1271,78.6569,690,664,7,0.010144928,19,0.027536232
759,08-04-2020,Telengana,18.1124,79.0193,364,322,7,0.019230769,35,0.096153846
760,08-04-2020,Tripura,23.9408,91.9882,1,1,0,0,0,0
761,08-04-2020,Uttar Pradesh,26.8467,80.9462,326,302,3,0.009202454,21,0.064417178
762,08-04-2020,Uttarakhand,30.0668,79.0193,31,26,0,0,5,0.161290323
763,08-04-2020,West Bengal,22.9868,87.855,99,81,5,0.050505051,13,0.131313131
764,09-04-2020,Andaman and Nicobar Islands,11.7401,92.6586,11,11,0,0,0,0
765,09-04-2020,Andhra Pradesh,15.9129,79.74,348,338,4,0.011494253,6,0.017241379
766,09-04-2020,Arunachal Pradesh,28.218,94.7278,1,1,0,0,0,0
767,09-04-2020,Assam,26.2006,92.9376,28,28,0,0,0,0
768,09-04-2020,Bihar,25.0961,85.3131,38,37,1,0.026315789,0,0
769,09-04-2020,Chandigarh,30.7333,76.7794,18,11,0,0,7,0.388888889
770,09-04-2020,Chhattisgarh,21.2787,81.8661,10,1,0,0,9,0.9
771,09-04-2020,Delhi,28.7041,77.1025,669,639,9,0.013452915,21,0.031390135
772,09-04-2020,Goa,15.2993,74.124,7,7,0,0,0,0
773,09-04-2020,Gujarat,22.2587,71.1924,179,138,16,0.089385475,25,0.139664804
774,09-04-2020,Haryana,29.0588,76.0856,147,116,3,0.020408163,28,0.19047619
775,09-04-2020,Himachal Pradesh,31.1048,77.1734,18,15,1,0.055555556,2,0.111111111
776,09-04-2020,Jammu and Kashmir,33.7782,76.5762,158,150,4,0.025316456,4,0.025316456
777,09-04-2020,Jharkhand,23.6102,85.2799,4,4,0,0,0,0
778,09-04-2020,Karnataka,15.3173,75.7139,181,148,5,0.027624309,28,0.154696133
779,09-04-2020,Kerala,10.8505,76.2711,345,260,2,0.005797101,83,0.24057971
780,09-04-2020,Ladakh,34.2996,78.2932,14,4,0,0,10,0.714285714
781,09-04-2020,Madhya Pradesh,22.9734,78.6569,229,216,13,0.056768559,0,0
782,09-04-2020,Maharashtra,19.7515,75.7139,1135,946,72,0.063436123,117,0.1030837
783,09-04-2020,Manipur,24.6637,93.9063,1,0,0,0,1,1
784,09-04-2020,Mizoram,23.1645,92.9376,1,1,0,0,0,0
785,09-04-2020,Odisha,20.9517,85.0985,42,39,1,0.023809524,2,0.047619048
786,09-04-2020,Puducherry,11.9416,79.8083,5,4,0,0,1,0.2
787,09-04-2020,Punjab,31.1471,75.3412,101,89,8,0.079207921,4,0.03960396
788,09-04-2020,Rajasthan,27.0238,74.2179,381,357,3,0.007874016,21,0.05511811
789,09-04-2020,Tamil Nadu,11.1271,78.6569,738,709,8,0.010840108,21,0.028455285
790,09-04-2020,Telengana,18.1124,79.0193,427,385,7,0.016393443,35,0.081967213
791,09-04-2020,Tripura,23.9408,91.9882,1,1,0,0,0,0
792,09-04-2020,Uttar Pradesh,26.8467,80.9462,361,330,4,0.011080332,27,0.074792244
793,09-04-2020,Uttarakhand,30.0668,79.0193,33,28,0,0,5,0.151515152
794,09-04-2020,West Bengal,22.9868,87.855,103,82,5,0.048543689,16,0.155339806
795,10-04-2020,Andaman and Nicobar Islands,11.7401,92.6586,11,11,0,0,0,0
796,10-04-2020,Andhra Pradesh,15.9129,79.74,348,338,4,0.011494253,6,0.017241379
797,10-04-2020,Arunachal Pradesh,28.218,94.7278,1,1,0,0,0,0
798,10-04-2020,Assam,26.2006,92.9376,29,29,0,0,0,0
799,10-04-2020,Bihar,25.0961,85.3131,39,38,1,0.025641026,0,0
800,10-04-2020,Chandigarh,30.7333,76.7794,18,11,0,0,7,0.388888889
801,10-04-2020,Chhattisgarh,21.2787,81.8661,10,1,0,0,9,0.9
802,10-04-2020,Delhi,28.7041,77.1025,720,683,12,0.016666667,25,0.034722222
803,10-04-2020,Goa,15.2993,74.124,7,7,0,0,0,0
804,10-04-2020,Gujarat,22.2587,71.1924,241,198,17,0.070539419,26,0.107883817
805,10-04-2020,Haryana,29.0588,76.0856,169,137,3,0.017751479,29,0.171597633
806,10-04-2020,Himachal Pradesh,31.1048,77.1734,18,15,1,0.055555556,2,0.111111111
807,10-04-2020,Jammu and Kashmir,33.7782,76.5762,158,150,4,0.025316456,4,0.025316456
808,10-04-2020,Jharkhand,23.6102,85.2799,13,12,1,0.076923077,0,0
809,10-04-2020,Karnataka,15.3173,75.7139,181,148,5,0.027624309,28,0.154696133
810,10-04-2020,Kerala,10.8505,76.2711,357,259,2,0.005602241,96,0.268907563
811,10-04-2020,Ladakh,34.2996,78.2932,15,5,0,0,10,0.666666667
812,10-04-2020,Madhya Pradesh,22.9734,78.6569,259,243,16,0.061776062,0,0
813,10-04-2020,Maharashtra,19.7515,75.7139,1364,1142,97,0.07111437,125,0.091642229
814,10-04-2020,Manipur,24.6637,93.9063,2,1,0,0,1,0.5
815,10-04-2020,Mizoram,23.1645,92.9376,1,1,0,0,0,0
816,10-04-2020,Odisha,20.9517,85.0985,44,41,1,0.022727273,2,0.045454545
817,10-04-2020,Puducherry,11.9416,79.8083,5,4,0,0,1,0.2
818,10-04-2020,Punjab,31.1471,75.3412,101,89,8,0.079207921,4,0.03960396
819,10-04-2020,Rajasthan,27.0238,74.2179,463,439,3,0.006479482,21,0.045356371
820,10-04-2020,Tamil Nadu,11.1271,78.6569,834,805,8,0.009592326,21,0.025179856
821,10-04-2020,Telengana,18.1124,79.0193,442,400,7,0.015837104,35,0.07918552
822,10-04-2020,Tripura,23.9408,91.9882,1,1,0,0,0,0
823,10-04-2020,Uttar Pradesh,26.8467,80.9462,410,375,4,0.009756098,31,0.075609756
824,10-04-2020,Uttarakhand,30.0668,79.0193,35,30,0,0,5,0.142857143
825,10-04-2020,West Bengal,22.9868,87.855,116,95,5,0.043103448,16,0.137931034
826,11-04-2020,Andaman and Nicobar Islands,11.7401,92.6586,11,11,0,0,0,0
827,11-04-2020,Andhra Pradesh,15.9129,79.74,363,350,6,0.016528926,7,0.019283747
828,11-04-2020,Arunachal Pradesh,28.218,94.7278,1,1,0,0,0,0
829,11-04-2020,Assam,26.2006,92.9376,29,28,1,0.034482759,0,0
830,11-04-2020,Bihar,25.0961,85.3131,60,59,1,0.016666667,0,0
831,11-04-2020,Chandigarh,30.7333,76.7794,18,11,0,0,7,0.388888889
832,11-04-2020,Chhattisgarh,21.2787,81.8661,18,9,0,0,9,0.5
833,11-04-2020,Delhi,28.7041,77.1025,903,865,13,0.014396456,25,0.027685493
834,11-04-2020,Goa,15.2993,74.124,7,6,0,0,1,0.142857143
835,11-04-2020,Gujarat,22.2587,71.1924,308,258,19,0.061688312,31,0.100649351
836,11-04-2020,Haryana,29.0588,76.0856,177,145,3,0.016949153,29,0.163841808
837,11-04-2020,Himachal Pradesh,31.1048,77.1734,28,21,1,0.035714286,6,0.214285714
838,11-04-2020,Jammu and Kashmir,33.7782,76.5762,207,197,4,0.019323671,6,0.028985507
839,11-04-2020,Jharkhand,23.6102,85.2799,14,13,1,0.071428571,0,0
840,11-04-2020,Karnataka,15.3173,75.7139,207,170,6,0.028985507,31,0.149758454
841,11-04-2020,Kerala,10.8505,76.2711,364,239,2,0.005494505,123,0.337912088
842,11-04-2020,Ladakh,34.2996,78.2932,15,5,0,0,10,0.666666667
843,11-04-2020,Madhya Pradesh,22.9734,78.6569,435,402,33,0.075862069,0,0
844,11-04-2020,Maharashtra,19.7515,75.7139,1574,1276,110,0.069885642,188,0.119440915
845,11-04-2020,Manipur,24.6637,93.9063,2,1,0,0,1,0.5
846,11-04-2020,Mizoram,23.1645,92.9376,1,1,0,0,0,0
847,11-04-2020,Odisha,20.9517,85.0985,48,45,1,0.020833333,2,0.041666667
848,11-04-2020,Puducherry,11.9416,79.8083,5,4,0,0,1,0.2
849,11-04-2020,Punjab,31.1471,75.3412,132,116,11,0.083333333,5,0.037878788
850,11-04-2020,Rajasthan,27.0238,74.2179,553,529,3,0.005424955,21,0.037974684
851,11-04-2020,Tamil Nadu,11.1271,78.6569,911,859,8,0.008781559,44,0.048298573
852,11-04-2020,Telengana,18.1124,79.0193,473,423,7,0.014799154,43,0.090909091
853,11-04-2020,Tripura,23.9408,91.9882,1,1,0,0,0,0
854,11-04-2020,Uttar Pradesh,26.8467,80.9462,431,395,4,0.009280742,32,0.07424594
855,11-04-2020,Uttarakhand,30.0668,79.0193,35,30,0,0,5,0.142857143
856,11-04-2020,West Bengal,22.9868,87.855,116,95,5,0.043103448,16,0.137931034
857,12-04-2020,Andaman and Nicobar Islands,11.7401,92.6586,11,1,0,0,10,0.909090909
858,12-04-2020,Andhra Pradesh,15.9129,79.74,381,364,6,0.015748031,11,0.028871391
859,12-04-2020,Arunachal Pradesh,28.218,94.7278,1,1,0,0,0,0
860,12-04-2020,Assam,26.2006,92.9376,29,28,1,0.034482759,0,0
861,12-04-2020,Bihar,25.0961,85.3131,63,62,1,0.015873016,0,0
862,12-04-2020,Chandigarh,30.7333,76.7794,19,12,0,0,7,0.368421053
863,12-04-2020,Chhattisgarh,21.2787,81.8661,18,9,0,0,9,0.5
864,12-04-2020,Delhi,28.7041,77.1025,1069,1025,19,0.01777362,25,0.023386342
865,12-04-2020,Goa,15.2993,74.124,7,2,0,0,5,0.714285714
866,12-04-2020,Gujarat,22.2587,71.1924,432,366,22,0.050925926,44,0.101851852
867,12-04-2020,Haryana,29.0588,76.0856,177,145,3,0.016949153,29,0.163841808
868,12-04-2020,Himachal Pradesh,31.1048,77.1734,32,25,1,0.03125,6,0.1875
869,12-04-2020,Jammu and Kashmir,33.7782,76.5762,207,197,4,0.019323671,6,0.028985507
870,12-04-2020,Jharkhand,23.6102,85.2799,17,16,1,0.058823529,0,0
871,12-04-2020,Karnataka,15.3173,75.7139,214,171,6,0.028037383,37,0.172897196
872,12-04-2020,Kerala,10.8505,76.2711,364,239,2,0.005494505,123,0.337912088
873,12-04-2020,Ladakh,34.2996,78.2932,15,5,0,0,10,0.666666667
874,12-04-2020,Madhya Pradesh,22.9734,78.6569,532,496,36,0.067669173,0,0
875,12-04-2020,Maharashtra,19.7515,75.7139,1761,1426,127,0.072118115,208,0.118114708
876,12-04-2020,Manipur,24.6637,93.9063,2,1,0,0,1,0.5
877,12-04-2020,Mizoram,23.1645,92.9376,1,1,0,0,0,0
878,12-04-2020,Odisha,20.9517,85.0985,50,47,1,0.02,2,0.04
879,12-04-2020,Puducherry,11.9416,79.8083,7,6,0,0,1,0.142857143
880,12-04-2020,Punjab,31.1471,75.3412,151,135,11,0.072847682,5,0.033112583
881,12-04-2020,Rajasthan,27.0238,74.2179,700,676,3,0.004285714,21,0.03
882,12-04-2020,Tamil Nadu,11.1271,78.6569,969,915,10,0.010319917,44,0.045407637
883,12-04-2020,Telengana,18.1124,79.0193,504,452,9,0.017857143,43,0.08531746
884,12-04-2020,Tripura,23.9408,91.9882,2,2,0,0,0,0
885,12-04-2020,Uttar Pradesh,26.8467,80.9462,452,402,5,0.011061947,45,0.099557522
886,12-04-2020,Uttarakhand,30.0668,79.0193,35,30,0,0,5,0.142857143
887,12-04-2020,West Bengal,22.9868,87.855,134,110,5,0.037313433,19,0.141791045
888,13-04-2020,Andaman and Nicobar Islands,11.7401,92.6586,11,1,0,0,10,0.909090909
889,13-04-2020,Andhra Pradesh,15.9129,79.74,427,409,7,0.016393443,11,0.025761124
890,13-04-2020,Arunachal Pradesh,28.218,94.7278,1,1,0,0,0,0
891,13-04-2020,Assam,26.2006,92.9376,29,28,1,0.034482759,0,0
892,13-04-2020,Bihar,25.0961,85.3131,64,44,1,0.015625,19,0.296875
893,13-04-2020,Chandigarh,30.7333,76.7794,21,14,0,0,7,0.333333333
894,13-04-2020,Chhattisgarh,21.2787,81.8661,31,21,0,0,10,0.322580645
895,13-04-2020,Delhi,28.7041,77.1025,1154,1103,24,0.020797227,27,0.02339688
896,13-04-2020,Goa,15.2993,74.124,7,2,0,0,5,0.714285714
897,13-04-2020,Gujarat,22.2587,71.1924,516,447,25,0.048449612,44,0.085271318
898,13-04-2020,Haryana,29.0588,76.0856,185,153,3,0.016216216,29,0.156756757
899,13-04-2020,Himachal Pradesh,31.1048,77.1734,32,18,1,0.03125,13,0.40625
900,13-04-2020,Jammu and Kashmir,33.7782,76.5762,245,235,4,0.016326531,6,0.024489796
901,13-04-2020,Jharkhand,23.6102,85.2799,19,17,2,0.105263158,0,0
902,13-04-2020,Karnataka,15.3173,75.7139,232,169,6,0.025862069,57,0.245689655
903,13-04-2020,Kerala,10.8505,76.2711,376,195,2,0.005319149,179,0.47606383
904,13-04-2020,Ladakh,34.2996,78.2932,15,5,0,0,10,0.666666667
905,13-04-2020,Madhya Pradesh,22.9734,78.6569,564,528,36,0.063829787,0,0
906,13-04-2020,Maharashtra,19.7515,75.7139,1985,1619,149,0.075062972,217,0.109319899
907,13-04-2020,Manipur,24.6637,93.9063,2,1,0,0,1,0.5
908,13-04-2020,Mizoram,23.1645,92.9376,1,1,0,0,0,0
909,13-04-2020,Odisha,20.9517,85.0985,54,41,1,0.018518519,12,0.222222222
910,13-04-2020,Puducherry,11.9416,79.8083,7,6,0,0,1,0.142857143
911,13-04-2020,Punjab,31.1471,75.3412,151,135,11,0.072847682,5,0.033112583
912,13-04-2020,Rajasthan,27.0238,74.2179,804,780,3,0.003731343,21,0.026119403
913,13-04-2020,Tamil Nadu,11.1271,78.6569,1043,982,11,0.0105465,50,0.047938639
914,13-04-2020,Telengana,18.1124,79.0193,504,452,9,0.017857143,43,0.08531746
915,13-04-2020,Tripura,23.9408,91.9882,2,2,0,0,0,0
916,13-04-2020,Uttar Pradesh,26.8467,80.9462,483,432,5,0.010351967,46,0.095238095
917,13-04-2020,Uttarakhand,30.0668,79.0193,35,30,0,0,5,0.142857143
918,13-04-2020,West Bengal,22.9868,87.855,152,116,7,0.046052632,29,0.190789474
919,15-04-2020,Andaman and Nicobar Islands,11.7401,92.6586,11,1,0,0,10,0.909090909
920,15-04-2020,Andhra Pradesh,15.9129,79.74,483,458,9,0.01863354,16,0.033126294
921,15-04-2020,Arunachal Pradesh,28.218,94.7278,1,1,0,0,0,0
922,15-04-2020,Assam,26.2006,92.9376,32,31,1,0.03125,0,0
923,15-04-2020,Bihar,25.0961,85.3131,66,36,1,0.015151515,29,0.439393939
924,15-04-2020,Chandigarh,30.7333,76.7794,21,14,0,0,7,0.333333333
925,15-04-2020,Chhattisgarh,21.2787,81.8661,33,20,0,0,13,0.393939394
926,15-04-2020,Delhi,28.7041,77.1025,1561,1501,30,0.01921845,30,0.01921845
927,15-04-2020,Goa,15.2993,74.124,7,2,0,0,5,0.714285714
928,15-04-2020,Gujarat,22.2587,71.1924,650,563,28,0.043076923,59,0.090769231
929,15-04-2020,Haryana,29.0588,76.0856,199,162,3,0.015075377,34,0.170854271
930,15-04-2020,Himachal Pradesh,31.1048,77.1734,33,19,1,0.03030303,13,0.393939394
931,15-04-2020,Jammu and Kashmir,33.7782,76.5762,278,244,4,0.014388489,30,0.107913669
932,15-04-2020,Jharkhand,23.6102,85.2799,27,25,2,0.074074074,0,0
933,15-04-2020,Karnataka,15.3173,75.7139,260,179,10,0.038461538,71,0.273076923
934,15-04-2020,Kerala,10.8505,76.2711,387,173,3,0.007751938,211,0.545219638
935,15-04-2020,Ladakh,34.2996,78.2932,17,7,0,0,10,0.588235294
936,15-04-2020,Madhya Pradesh,22.9734,78.6569,730,629,50,0.068493151,51,0.069863014
937,15-04-2020,Maharashtra,19.7515,75.7139,2687,2250,178,0.066244883,259,0.096390026
938,15-04-2020,Manipur,24.6637,93.9063,2,1,0,0,1,0.5
939,15-04-2020,Meghalaya,25.467,91.3662,1,1,0,0,0,0
940,15-04-2020,Mizoram,23.1645,92.9376,1,1,0,0,0,0
941,15-04-2020,Nagaland,26.1584,94.5624,0,0,0,,0,
942,15-04-2020,Odisha,20.9517,85.0985,60,41,1,0.016666667,18,0.3
943,15-04-2020,Puducherry,11.9416,79.8083,7,6,0,0,1,0.142857143
944,15-04-2020,Punjab,31.1471,75.3412,176,150,12,0.068181818,14,0.079545455
945,15-04-2020,Rajasthan,27.0238,74.2179,969,819,3,0.003095975,147,0.151702786
946,15-04-2020,Tamil Nadu,11.1271,78.6569,1204,1111,12,0.009966777,81,0.067275748
947,15-04-2020,Telengana,18.1124,79.0193,624,507,17,0.02724359,100,0.16025641
948,15-04-2020,Tripura,23.9408,91.9882,2,2,0,0,0,0
949,15-04-2020,Uttar Pradesh,26.8467,80.9462,660,605,5,0.007575758,50,0.075757576
950,15-04-2020,Uttarakhand,30.0668,79.0193,37,28,0,0,9,0.243243243
951,15-04-2020,West Bengal,22.9868,87.855,213,169,7,0.03286385,37,0.17370892
